Model,Accuracy,Precision,Recall,F1 Score,MSE,R2 Score
Decision Tree,1.0,1.0,1.0,1.0,0.0,1.0
Random Forest,1.0,1.0,1.0,1.0,0.0,1.0
Gradient Boosting,1.0,1.0,1.0,1.0,0.0,1.0
Support Vector Machine,0.755,0.7507788182831661,0.755,0.7520560361247299,0.29,0.860038187856503
Logistic Regression,0.9075,0.9078208486118386,0.9075,0.9075500665335994,0.0925,0.9553570081956086
Neural Network,0.9075,0.9101161052147495,0.9075,0.9074071602092515,0.0925,0.9553570081956086
